"id","term_id","pre_refinement","pre_refinement_accuracy","pre_refinement_review","refinement","refinement_accuracy","refinement_review","refinement_formatted_note","refinement_additional_note","created_at"
1,43,"ETL is the sequence of events performed in data processing pipelines. First the data is ingested on the Extract phase, Transform is when the data is massaged to match what is useful for the business, and then load is when it is stored in the database.",80,"You correctly identified the three main phases of ETL: Extract, Transform, and Load. The explanation of how data is ingested and transformed is also well articulated. However, your description of the Transform phase could be more detailed; it often includes cleaning, aggregation, and reformatting of data to ensure it is suitable for analysis, beyond just 'massaging.' Additionally, specifying that the Load phase involves inserting the transformed data into a data warehouse or other storage solutions would clarify its purpose further.","ETL (Extract, Transform, Load) is a data analytics process for gathering data and making it useful. First the data is ingested on the Extract phase, the data can come from multiple sources. Transform is when the data is aggregated, cleaned up to make sure it is standardized and useful and get it ready for storage, and then load is when it is stored. The storage location could be as a file like S3, database, data warehouse, data lake, etc. Another way to store data is ELT which is loading the data first before transformation. ETL is useful for standardizing data and when it is not as easy to perform a transformation later on while ELT is useful if the transformation is quite simple and having the speed of having the data available sooner is a priority. There are no-code tools to perform the transformation but the Data analyst can also use Python or R which are both great languages for data analysis.",90,"The explanation provides a solid overview of the ETL process, accurately defining each phase and mentioning relevant storage options along with a comparison to ELT. The user correctly highlights the purposes of ETL and ELT, but could improve on the distinctions in scenarios for each process, and the mention of data pipelines could add clarity.","ETL (Extract, Transform, Load) is a data process where data is ingested (Extract), cleaned and standardized (Transform), then stored (Load) in locations like databases or data lakes. ELT (Extract, Load, Transform) loads data first before transformation. ETL is ideal for complex transformations, while ELT suits simpler scenarios where speed is crucial.","**Date:** 2023-10-05
- **ETL Definition:** Extract, Transform, Load process used for preparing data for analysis.
- **Extract Phase:** Gathers data from multiple sources (APIs, databases, files).
- **Transform Phase:** Cleans, aggregates, and standardizes data for usability.
- **Load Phase:** Stores transformed data in systems like databases, data lakes, or cloud storage (e.g., S3).
- **ELT Comparison:** ELT loads data before transformation; best for scenarios where transformation is simple and speed is prioritized.
- **Tools for Transformation:** No-code tools, or programming languages like Python and R are commonly used for data analysis.","2026-04-01 20:56:28"
2,54,"Document database is a kind of database that has no schema. They are typically json objects stored as documents on the database server. Querying document databases is not possible to use joins. Document databases have each record as an object with key-value pairs.",75,"Your explanation captures some key characteristics of document databases, such as the lack of a schema and the storage of JSON-like documents with key-value pairs. However, it's important to clarify that while traditional SQL-based databases rely on joins, many document databases are capable of supporting similar join-like operations using embedded documents or references, although the implementation differs. Additionally, discussing examples of document databases, such as MongoDB or Couchbase, could enhance your explanation and provide context to the audience.","Document database is a kind of datastore that has no schema. The smallest unit of data are documents. Documents are stored on the server as key value pairs of JSON or BSON. Documents are stored as collections. Documents are similar to rows, while collections are similar to tables in SQL. Since there is no schema, the documents can have different keys and key-value pairs as other documents. Index are important for performance since document databases don't have schema, a full collection scan might be necessary. Document databases have each record as an object with key-value pairs.",85,"The explanation is mostly accurate, correctly identifying that document databases do not have a schema and that data is stored as documents in key-value pairs, typically using JSON or BSON formats. It appropriately compares documents to rows and collections to tables. However, it could improve by clarifying the role of indexing further and acknowledging potential trade-offs related to the lack of schemas. Also, the phrase 'each record as an object' might cause confusion since it mixes concepts of documents and objects.","A document database is a schema-less datastore using documents (key-value pairs in JSON/BSON format) as the smallest data unit. Documents belong to collections, akin to tables in SQL. Indexing is crucial for performance, as it mitigates full collection scans.","**Document Database**
- **Definition:** A schema-less datastore where the smallest data units are documents stored as key-value pairs in formats like JSON or BSON.
- **Documents vs. Collections:** Documents (similar to rows) are grouped in collections (similar to tables in SQL).
- **Schema Flexibility:** Documents can have varying keys and key-value pairs, allowing diverse data structures within the same collection.
- **Indexing:** Crucial for performance; without a schema, indexing improves search efficiency and reduces the need for full collection scans.
- **Trade-offs:** Flexibility may lead to challenges in data consistency and complexity in querying.

**Date:** 2023-10-05","2026-04-03 01:31:29"
3,54,"Document database is a kind of datastore that has no schema. The smallest unit of data are documents. Documents are stored on the server as key value pairs of JSON or BSON. Documents are stored as collections. Documents are similar to rows, while collections are similar to tables in SQL. Since there is no schema, the documents can have different keys and key-value pairs as other documents. Index are important for performance since document databases don't have schema, a full collection scan might be necessary.",85,"Your explanation captures the essence of what a document database is, including that it uses documents as the smallest unit of data and that they can be stored as key-value pairs in formats like JSON or BSON. You correctly noted that documents are stored in collections, similar to rows and tables in SQL databases. However, while you mentioned that documents do not have a schema, it might be helpful to explain that 'schemaless' means the structure can vary between documents. Additionally, while you touched upon the importance of indexes for performance, a more detailed explanation of how indexing helps optimize queries would strengthen your response. Overall, a solid understanding but could benefit from these additional details.","Document database is a kind of database that has no schema. They are typically json objects stored as documents on the database server. Querying document databases is not possible to use joins. Document databases have each record as an object with key-value pairs.",75,"The explanation accurately points out that document databases generally store data as JSON objects and do not require a predefined schema. However, the statement about querying and joins could be misleading, as some document databases do support limited join-like operations. Clarifying this point could improve the accuracy.","A document database is a NoSQL database that stores data in JSON-like documents, allowing for flexible, schema-less data storage. Records are kept as key-value pairs, and while joins are not traditionally supported, some databases offer limited capabilities for similar operations.","**Date:** 2023-10-03

- **Definition:** Document databases (a type of NoSQL database) store data as documents (often in JSON format) and allow for dynamic schemas.
- **Schema-less:** They do not require a fixed schema, facilitating easier data management.
- **Data Structure:** Each record is represented as a document with key-value pairs.
- **Querying Limitations:** Traditional SQL joins are not supported, but some document databases have features enabling limited join-like queries through embedding or referencing.
- **Examples:** Popular document databases include MongoDB, CouchDB, and Amazon DocumentDB.","2026-04-03 02:09:56"
4,54,"Document database is a kind of database that has no schema. They are typically json objects stored as documents on the database server. Querying document databases is not possible to use joins. Document databases have each record as an object with key-value pairs.",70,"You are correct that a document database is a type of NoSQL database that stores data in documents typically formatted in JSON. The mention of having no schema is also accurate, as document databases allow for flexible data structures. However, it's incorrect to state that querying document databases is not possible with joins; some document databases do support ways to retrieve related data, albeit often in a different manner than traditional relational databases. Additionally, it would be helpful to mention that document databases often support various querying mechanisms beyond joins, such as nested queries and indexing.","Document database is a kind of datastore that has no schema. The smallest unit of data are documents. Documents are stored on the server as key value pairs of JSON or BSON. Documents are stored as collections. Documents are similar to rows, while collections are similar to tables in SQL. Since there is no schema, the documents can have different keys and key-value pairs as other documents. Index are important for performance since document databases don't have schema, a full collection scan might be necessary.",85,"The explanation accurately describes the concept of document databases, highlighting the lack of schema, the structure of documents and collections, and the importance of indexing. However, there are minor inaccuracies regarding indexing and collection scanning that could be clarified for better understanding.","A document database is a schema-less datastore where data is stored as documents (key-value pairs in JSON/BSON). Documents are grouped into collections. Unlike SQL, documents can vary in structure. Indexing is crucial for performance to avoid full collection scans.","# Document Database

- **Definition**: A document database is a type of NoSQL database that stores data as documents, without a fixed schema.
- **Documents**: The primary unit of data, typically formatted in JSON or BSON as key-value pairs.
- **Collections**: A grouping of documents, analogous to tables in SQL databases.
- **Schema**: There is no required schema, allowing for documents in the same collection to have different structures.
- **Indexes**: Essential for optimizing query performance; without indexes, full scans of collections may be necessary.

**Date**: 2023-10-25","2026-04-03 02:10:51"
5,84,"Tanstack Query is a library used by different front end web frameworks. It simplifies async calls to a backend server and managing component state. Rather than using useEffect, it uses useQuery hook which simplifies the pattern.",75,"You are correct that TanStack Query (formerly React Query) is a library that simplifies async data fetching and state management in frontend applications. You mentioned the use of the 'useQuery' hook, which is indeed a central feature of the library for fetching and caching data. However, you didn’t specify that it also includes features like caching, background refetching, and pagination, which are essential for managing server states effectively. Additionally, while it can be used with various frameworks, it is most commonly associated with React. It might be beneficial to highlight its ability to handle server state as distinct from client state.","Tanstack Query is a library used primarily in react applications. It simplifies async calls to a backend servers, caching, and managing component state. Rather than using useEffect, the useQuery hook is used. The biggest strength of Tanstack Query is the object returned by the hook. It contains information about loading, fetching, data, etc. There is no more need for managing local state directly with useState for those. It also have useful functions for refetching and configuration for how long cache remains through stale time and garbage collection time management. By default, tanstack query fetches on the background everytime and replacing the current content loaded from the cache. With queryKeys, different components can call the same backend and the cache will be served. This reduces the number of calls needed and helps with performance and cost.",90,"The explanation accurately covers key functionalities of TanStack Query, such as its use in React for managing async data, caching, and component state. However, there are minor grammatical issues and a few less precise statements (e.g., background fetching behavior could be clarified). The emphasis on the object returned by `useQuery` is correct, but may benefit from further details on specific properties.","TanStack Query is a React library that simplifies async data management via the `useQuery` hook, replacing direct state management. It provides caching, background fetching, refetching, and configuration options like stale time, optimizing performance and reducing backend calls.","**Date:** 2023-10-05

**Overview of TanStack Query:**
- A library for managing async data in React applications.
- Utilizes the `useQuery` hook instead of `useEffect` for fetch management.

**Key Features:**
- **Returned Object:** Contains state info (loading, data, error) without manual state handling.
- **Caching:** Manages local cache with configurable stale and garbage collection times.
- **Background Fetching:** Automatically fetches in the background to keep data fresh while replacing old cache content.
- **Query Keys:** Enables sharing cached data between components by using unique query keys, reducing server calls and enhancing performance.","2026-04-03 17:48:23"
